
[{"id":7,"name":"Danh m\u1ee5c 1","alias":null,"type":1,"order":1,"status":1,"parent_id":0,"seo_title":null,"seo_description":null,"seo_keyword":null,"seo_img":null,"title":"Danh m\u1ee5c 1","type_txt":"Danh m\u1ee5c s\u1ea3n ph\u1ea9m","folder":false,"icon":false,"expanded":true,"children":[{"id":10,"name":"Danh m\u1ee5c 1.1","alias":null,"type":1,"order":1,"status":1,"parent_id":7,"seo_title":null,"seo_description":null,"seo_keyword":null,"seo_img":null,"title":"Danh m\u1ee5c 1.1","type_txt":"Danh m\u1ee5c s\u1ea3n ph\u1ea9m","folder":false,"icon":false},{"id":11,"name":"Danh m\u1ee5c 1.2","alias":null,"type":2,"order":1,"status":1,"parent_id":7,"seo_title":null,"seo_description":null,"seo_keyword":null,"seo_img":null,"title":"Danh m\u1ee5c 1.2","type_txt":"Danh m\u1ee5c b\u00e0i vi\u1ebft","folder":false,"icon":false,"expanded":true,"children":[{"id":12,"name":"Danh m\u1ee5c 1.2.1","alias":null,"type":2,"order":1,"status":1,"parent_id":11,"seo_title":null,"seo_description":null,"seo_keyword":null,"seo_img":null,"title":"Danh m\u1ee5c 1.2.1","type_txt":"Danh m\u1ee5c b\u00e0i vi\u1ebft","folder":false,"icon":false}]}]},{"id":8,"name":"Danh m\u1ee5c 2","alias":null,"type":1,"order":1,"status":1,"parent_id":0,"seo_title":null,"seo_description":null,"seo_keyword":null,"seo_img":null,"title":"Danh m\u1ee5c 2","type_txt":"Danh m\u1ee5c s\u1ea3n ph\u1ea9m","folder":false,"icon":false},{"id":9,"name":"Danh m\u1ee5c 3","alias":null,"type":1,"order":1,"status":1,"parent_id":0,"seo_title":null,"seo_description":null,"seo_keyword":null,"seo_img":null,"title":"Danh m\u1ee5c 3","type_txt":"Danh m\u1ee5c s\u1ea3n ph\u1ea9m","folder":false,"icon":false,"expanded":true,"children":[{"id":13,"name":"Danh m\u1ee5c 3.1","alias":null,"type":2,"order":1,"status":1,"parent_id":9,"seo_title":null,"seo_description":null,"seo_keyword":null,"seo_img":null,"title":"Danh m\u1ee5c 3.1","type_txt":"Danh m\u1ee5c b\u00e0i vi\u1ebft","folder":false,"icon":false}]}]